doc_id,text
D001,"Conservation programs protect species through habitat restoration, monitoring, law enforcement, and community engagement. Ecologists track population trends to evaluate intervention success. Climate change adds new pressure to many ecosystems."
D002,"Genomics researchers use machine learning to classify gene expression profiles and detect mutations. Large sequencing datasets reveal biological patterns linked to cancer and rare diseases. The work often combines statistics, feature engineering, and domain expertise."
D003,"Ancient Egyptian religion included temple rituals, funerary beliefs, and a large pantheon of gods. Pharaohs were linked to divine order and state power. Tomb art and inscriptions provide valuable historical evidence."
D004,"Space weather forecasters monitor solar flares, coronal mass ejections, and geomagnetic storms. Severe events can disrupt satellites, radio communication, and power grids. Prediction models combine observations with plasma physics."
D005,"Choir directors rehearse diction, blend, intonation, and phrasing section by section. Warm-ups prepare breathing and resonance before repertoire begins. Concert preparation also includes staging and language coaching."
D006,"Agile teams work in short iterations, prioritize feedback, and refine requirements continuously. Stand-up meetings and retrospectives support transparency and improvement. Product owners balance user needs with technical constraints."
D007,"Supply chains move goods through sourcing, production, warehousing, and transportation. Managers watch lead time, inventory levels, and disruption risks. Data visibility helps companies respond to delays and demand shifts."
D008,"Cloud security relies on identity management, encryption, logging, network rules, and configuration review. Shared responsibility means customers still secure their applications and data. Misconfigured storage buckets remain a frequent source of incidents."
D009,"Home solar systems convert sunlight into electricity through photovoltaic panels and inverters. Installation costs vary with roof size, orientation, and local incentives. Many homeowners also consider batteries for backup storage."
D010,"Telemedicine platforms connect physicians and patients through video consultations and secure messaging. Remote monitoring devices also collect heart rate, glucose, and sleep data from home. These systems expand access to care in rural and underserved areas."
D011,The pick and roll is a central basketball action that forces defenders to switch or hedge. Ball handlers read the coverage and attack open lanes or passing windows. Effective spacing makes the action much harder to stop.
D012,"Mastering prepares a finished mix for distribution across streaming, broadcast, and physical formats. Engineers make subtle tonal and dynamic adjustments while checking playback consistency. Loudness targets and sequencing are important final considerations."
D013,"Smart grids integrate sensors, communication networks, and automated controls to improve reliability. Demand response programs encourage consumers to shift energy use during peaks. These tools help grids absorb more variable renewable generation."
D014,"Planetary geologists study Martian volcanoes, sediment layers, and crater fields to reconstruct surface history. Rover images and mineral data reveal evidence of water-related processes. Comparisons with Earth help interpret unfamiliar terrain."
D015,"Orbital mechanics describes how velocity, gravity, and energy determine spacecraft motion. Mission designers calculate transfer windows, delta-v budgets, and stable trajectories. Even small course corrections can have long-term effects."
D016,"Public health agencies analyze hospital visits, lab reports, and mobility signals to support medical AI diagnosis of disease outbreaks. Machine learning models assist in diagnosing conditions, estimating spread, and identifying vulnerable populations. Timely reporting and high-quality data strongly affect the accuracy of these diagnostic predictions."
D017,"The Silk Road connected merchants, pilgrims, and diplomats across Eurasia. Trade involved silk, spices, horses, metalwork, and ideas such as religions and technologies. Routes shifted over time with politics, geography, and security conditions."
D018,"Rocket launches require fueling, systems checks, weather monitoring, and mission control coordination. Engineers review countdown procedures and abort criteria before liftoff. Reusability has changed cost models for some launch providers."
D019,"Zero trust architectures assume no device or user should be trusted by default. Access decisions rely on identity, context, and continuous verification. Organizations often combine segmentation with strong authentication and least privilege."
D020,"Marketing teams use dashboards to monitor campaign reach, conversion, and return on ad spend. Attribution models help estimate which channels influence sales. Good dashboards balance summary metrics with drill-down detail."
D021,"Leadership involves setting direction, building trust, and making decisions under uncertainty. Effective leaders invite input but remain accountable for outcomes. Culture, incentives, and communication shape execution."
D022,"Brewing coffee at home involves grind size, water temperature, brew ratio, and extraction time. Small changes in these variables can shift flavor from bright to bitter. Many enthusiasts compare pour-over, immersion, and espresso methods."
D023,"The printing press transformed the speed and scale of information distribution in Europe. Books, pamphlets, and religious texts reached wider audiences than before. The technology affected literacy, scholarship, and political debate."
D024,"Malware analysts inspect suspicious executables, scripts, and network behavior to understand malicious intent. Dynamic analysis in sandboxes complements static reverse engineering. Indicators of compromise are shared to improve detection."
D025,"Project management coordinates scope, schedule, budget, and communication across stakeholders. Teams use milestones and risk registers to track progress. Clear roles and realistic timelines improve delivery outcomes."
D026,"Bird migration routes connect breeding and wintering grounds across continents. Researchers use banding, radar, and GPS tracking to study timing and navigation. Habitat loss along these routes can reduce survival."
D027,"Spice blends combine aromatic, sweet, earthy, and hot elements to shape flavor. Toasting whole spices often deepens aroma before grinding. Regional cuisines develop distinctive blends for meats, vegetables, and stews."
D028,Guitarists learn chord progressions to accompany songs and create tension and release. Smooth voice leading and rhythmic strumming shape the feel of a progression. Practice often begins with common patterns in major and minor keys.
D029,"Communication satellites relay television, internet, and navigation signals across long distances. Orbital position, transponders, and ground stations shape service performance. Operators also manage interference and lifespan constraints."
D030,"Jazz musicians practice scales, chord tones, rhythm, and listening to improvise effectively. Ensembles respond to each other's phrasing in real time. Transcription of solos helps players absorb language and timing."
D031,"Sourdough bread relies on fermentation, gluten development, and careful proofing times. Bakers feed the starter regularly and watch dough temperature throughout the process. A hot oven and steam help produce an open crumb and crisp crust."
D032,"Astronomers detect exoplanets through transit measurements, radial velocity, and direct imaging. Repeated observations improve confidence in orbital period and planet size estimates. Habitability studies consider atmosphere, temperature, and host star activity."
D033,"Vegetarian weeknight dinners often use beans, lentils, tofu, and seasonal vegetables for protein and flavor. Quick sauces and grain bases make meal prep easier after work. Balanced seasoning keeps simple dishes satisfying."
D034,"Dessert plating uses color contrast, texture, and negative space to create an appealing presentation. Pastry chefs think about sauce placement and garnish size as carefully as flavor. Simplicity often looks more elegant than crowded plates."
D035,"Social engineering exploits trust, urgency, and curiosity more than technical flaws. Attackers may call help desks, impersonate coworkers, or craft emotional messages. Clear verification procedures help organizations resist manipulation."
D036,"Lunar missions study geology, resource potential, and engineering constraints for future habitation. Landing systems must handle dust, terrain, and communication delays. International partnerships are common in modern exploration plans."
D037,"Phishing attacks trick users into revealing passwords or downloading malicious files. Attackers often imitate trusted brands through email, text, or fake login pages. Security awareness training and multifactor authentication reduce risk."
D038,Defensive coordinators mix zone and man coverage to disguise intentions before the snap. Safeties communicate route responsibilities while cornerbacks adjust leverage. Pressure packages are often designed to work with the selected coverage.
D039,"Medieval castles served as military strongholds, residences, and symbols of power. Builders used moats, walls, towers, and gatehouses to improve defense. Siege warfare evolved with new tactics and technologies."
D040,"Ransomware incidents require rapid isolation, backup assessment, and communication planning. Response teams preserve forensic evidence while restoring critical systems. Patch management and segmentation can limit future spread."
D041,"Intrusion detection systems monitor traffic for signatures, anomalies, and suspicious sequences of events. Analysts tune thresholds to reduce false alarms while preserving sensitivity. Logs from endpoints and firewalls add context to investigations."
D042,Radiology departments often train deep learning models on chest scans and brain images. These tools can highlight suspicious regions and reduce review time for routine cases. Clinical teams validate performance before using predictions in practice.
D043,"Hospitals use neural networks to detect patterns in medical images and patient records. The models can help physicians identify disease earlier and prioritize critical cases. Researchers still monitor bias, privacy, and interpretability when deploying these systems."
D044,"Business negotiation combines preparation, listening, framing, and trade-off analysis. Strong negotiators identify interests behind positions and preserve relationships when possible. Documentation is important once terms are agreed."
D045,"Carbon capture technology aims to remove carbon dioxide from industrial exhaust or directly from air. Engineers evaluate capture materials, transport infrastructure, and storage geology. The approach remains expensive but attracts policy interest."
D046,"Marathon runners build pacing plans around target finish times, weather, and course profile. Starting too fast often leads to fatigue late in the race. Coaches recommend hydration practice and gradual mileage increases during training."
D047,"The Industrial Revolution shifted production from small workshops to mechanized factories. Steam power, railroads, and urban labor markets changed economic and social life. Working conditions and political reform became major public issues."
D048,"Wind farms generate electricity by converting rotor motion into mechanical and then electrical energy. Site selection depends on wind speed, transmission access, and environmental review. Maintenance teams inspect blades and towers regularly."
D049,"Serve receive determines whether a volleyball team can run its offense smoothly. Passers focus on footwork, platform angle, and communication under pressure. A stable first contact gives setters more options."
D050,"Kitchen safety depends on proper storage temperatures, clean surfaces, and separation of raw meats. Cooks reduce contamination by washing hands and sanitizing tools between tasks. Expiration dates and reheating practices also matter."
D051,"Clinical decision support systems present recommendations based on symptoms, test results, and patient history. They can suggest follow-up exams or flag unsafe medication combinations. Good interface design is important so physicians can review evidence quickly."
D052,"World War One drew many states into conflict through alliance systems, mobilization plans, and imperial rivalry. Trench warfare transformed the scale of casualties on the Western Front. The war also reshaped political borders and empires."
D053,Geothermal systems use the stable temperature below ground for heating and cooling. Ground loops exchange thermal energy with the earth and reduce reliance on conventional fuel. Installation is site-specific but can deliver long-term savings.
D054,"Urban tree planting can reduce heat islands, improve air quality, and add shade for pedestrians. Successful programs choose species carefully and plan for maintenance. Roots, water access, and neighborhood input affect survival rates."
D055,"Film composers use themes, harmony, rhythm, and orchestration to support narrative pacing. Music can heighten tension, reveal emotion, or shape character identity. Cue timing must align precisely with edited scenes."
D056,"Sprinters combine explosive strength work with starts, acceleration drills, and recovery routines. Coaches track stride frequency and reaction time to improve performance. Nutrition and sleep also influence race-day readiness."
D057,"A powerful tennis serve depends on leg drive, shoulder rotation, and precise ball toss control. Players practice placement as much as speed to win free points. Small changes in grip and timing can alter consistency."
D058,"Marine plastic pollution harms wildlife through ingestion, entanglement, and habitat damage. Cleanup efforts target coastlines, rivers, and waste systems before debris reaches open water. Policy and product redesign are also necessary."
D059,"Renaissance artists benefited from urban wealth, humanist learning, and patronage from courts and churches. Painters and sculptors experimented with perspective and anatomical realism. Artistic commissions often carried political and religious meaning."
D060,"Electric vehicle charging networks support daily commuting and long-distance travel. Drivers compare charging speed, connector compatibility, and station reliability. Utilities also study grid demand as adoption increases."
D061,"Secure development integrates code review, dependency scanning, threat modeling, and testing into the engineering workflow. Developers address security early to avoid expensive fixes later. Documentation and training also support secure coding habits."
D062,"Vulnerability management includes asset discovery, scanning, prioritization, and remediation tracking. Teams weigh exploitability, business impact, and patch availability when scheduling fixes. Continuous monitoring helps new weaknesses surface quickly."
D063,"Cold War diplomacy combined military deterrence, ideological rivalry, and proxy conflicts across multiple regions. Leaders negotiated arms control while competing for influence. Intelligence operations and public messaging were central to strategy."
D064,"Battery storage systems can balance renewable generation and improve grid resilience. Operators charge batteries when supply is abundant and discharge them during peak demand. Costs, cycle life, and safety chemistry influence deployment decisions."
D065,"Classical composition studies melody, harmony, form, and orchestration across different eras. Composers develop motifs and transform them through variation and development. Analysis often connects musical structure with historical context."
D066,"Medical AI applications must protect patient privacy during data collection, model training, and deployment. Developers often rely on deidentification, access control, and auditing to reduce risk. Regulators and hospitals also expect clear governance policies."
D067,"Password managers generate unique credentials for each account and reduce reuse. Multifactor authentication adds a second barrier through apps, keys, or biometrics. Together they significantly improve personal and organizational security."
D068,"Customer service teams handle questions, complaints, and account issues through phone, chat, and email. Metrics such as response time and resolution quality guide staffing. Training and knowledge bases improve consistency."
D069,"The French Revolution emerged from fiscal crisis, social inequality, and political conflict. Revolutionary assemblies challenged monarchy and privilege while redefining citizenship. Violence, reform, and war shaped the movement's later phases."
D070,"Songwriters explore imagery, narrative voice, and emotional pacing when shaping lyrics. Strong hooks and memorable phrasing help songs connect with listeners. Revision often improves clarity and impact."
D071,Robotic surgical systems provide fine motor control and high-resolution views during procedures. Some research teams study AI assistance for tool tracking and motion prediction in the operating room. Safety certification remains a major requirement for adoption.
D072,"River and wetland restoration improves habitat, water quality, and flood resilience. Projects may remove barriers, reconnect floodplains, or replant vegetation. Success depends on monitoring and long-term stewardship."
D073,"Baseball analysts evaluate pitch velocity, spin rate, release point, and movement. These measurements help teams design pitch mixes and defensive alignments. Video review is often combined with tracking data from stadium systems."
D074,"Soccer coaches choose formations to balance defense, midfield control, and attacking width. A compact back line can reduce space, while overlapping fullbacks create crossing opportunities. Teams often adjust shape after halftime based on possession patterns."
D075,"Efficient buildings reduce energy use through insulation, smart controls, LED lighting, and improved windows. Facility managers monitor occupancy and weather patterns to adjust heating and cooling. Upfront upgrades can lower long-term operating costs."
D076,"Baroque music emphasized contrast, ornamentation, basso continuo, and clear tonal organization. Composers wrote sacred works, concertos, and keyboard music that remain central to the repertoire. Performance practice influences modern interpretation."
D077,"Cyclists approach hill climbs by managing cadence, gearing, and effort over changing gradients. Lighter equipment helps, but pacing and aerodynamics still matter. Nutrition during long rides affects finishing strength."
D078,"Air quality monitoring networks measure pollutants such as ozone, particulate matter, and nitrogen dioxide. Agencies use these readings to issue health advisories and enforce standards. Sensor calibration is crucial for trustworthy data."
D079,"Wearable devices can collect continuous electrocardiogram signals and activity measurements. Cardiologists use these streams to detect arrhythmias and monitor recovery after treatment. Battery life, comfort, and secure synchronization matter for long-term use."
D080,"Remote work productivity depends on communication norms, focus time, and clear expectations. Teams use shared documents, video calls, and project trackers to stay aligned. Boundaries and ergonomic setups support long-term sustainability."
D081,Italian pasta sauces range from slow-cooked ragù to quick garlic and olive oil preparations. Texture and starch from pasta water help sauces cling to noodles. Fresh herbs and cheese are usually added near the end.
D082,"Research aboard the International Space Station spans biology, materials science, combustion, and human physiology. Microgravity enables experiments not possible on Earth. Crew time, cargo limits, and safety procedures shape experiment planning."
D083,"Startups raise capital through seed rounds, venture investment, and strategic partnerships. Founders prepare pitch decks, financial projections, and product demonstrations. Investor fit matters as much as valuation."
D084,"Meal prep containers help organize lunches, snacks, and leftovers for busy weeks. Durable lids reduce spills and make refrigeration easier. Portion planning can also support nutrition goals."
D085,"Environmental assessments examine how projects affect land, water, air, species, and communities. Analysts compare alternatives and propose mitigation plans before approvals. Public participation often shapes the review process."
D086,"Governments use tax credits, renewable standards, and permitting reforms to accelerate clean energy adoption. Policy design influences private investment and grid modernization. Long approval timelines remain a common bottleneck."
D087,"Space telescopes observe distant galaxies, nebulae, and exoplanets without atmospheric distortion. Scientists analyze light spectra to infer temperature, composition, and motion. Missions produce large archives used by researchers worldwide."
D088,"Knife skills improve speed, consistency, and safety in the kitchen. Cooks practice grip, board stability, and cutting motions for different ingredients. Sharp knives are easier to control than dull ones."
D089,"Pianists use scales, arpeggios, and finger independence exercises to build technique. Teachers also emphasize posture, touch, and phrasing. Efficient movement helps prevent fatigue during difficult passages."
D090,"Soil health improves with cover crops, reduced tillage, compost, and crop rotation. Farmers monitor structure, moisture, and microbial activity to sustain productivity. Healthy soils also support water retention and carbon storage."
D091,"Financial statements summarize revenue, expenses, assets, liabilities, and cash flow. Managers use them to assess profitability and liquidity over time. Investors compare trends and ratios across firms."
D092,"Electronic health records contain diagnoses, prescriptions, and visit summaries that support predictive analytics. Analysts mine these records to forecast readmission risk and treatment response. Strong security controls are essential because the data is highly sensitive."
D093,"Competitive swimmers refine body position, breathing rhythm, and wall turns to reduce drag. Coaches film practice sessions to analyze stroke efficiency. Improvements in turns can save meaningful time across an entire race."
D094,"Communities adapt to climate change through flood planning, heat preparedness, resilient infrastructure, and ecosystem restoration. Local context shapes which measures are most effective. Long-term adaptation also depends on financing and governance."
D095,Black holes affect surrounding matter through intense gravity and energetic accretion processes. Telescopes observe radiation from disks and jets to infer mass and motion. These systems help test theories of gravity under extreme conditions.
D096,"Rainforests host dense biodiversity across plants, insects, birds, and mammals. Layered habitats and stable climate support intricate ecological interactions. Deforestation threatens both species survival and carbon storage."
D097,"Good steak grilling starts with dry surfaces, salt, and high heat. Cooks monitor internal temperature instead of relying only on time. Resting the meat before slicing helps preserve juices."
D098,"Mixing balances levels, equalization, dynamics, and spatial effects across recorded tracks. Producers listen for clarity, depth, and emotional impact in the final song. Reference tracks can guide translation across speakers."
D099,"Hydroelectric dams generate electricity by releasing water through turbines. Reservoir design affects flood control, irrigation, and ecological conditions downstream. Operators must balance energy production with water resource management."
D100,"The Roman Empire expanded through military conquest, trade, and complex administration across Europe and the Mediterranean. Emperors relied on roads, taxation, and provincial governance to maintain control. Internal conflict and external pressure contributed to its transformation."
